{
  "org_id": "efh",
  "version": "1.0.0",
  "last_updated": "2025-01-04",
  "entities": {
    "selfish_inc": {
      "legal_name": "Selfish Inc.",
      "dba": "Rise Forward Foundation",
      "tax_status": "501(c)(3)",
      "ein": "[PLACEHOLDER]",
      "uei": "H3NUZZ6BMDA7",
      "cage_code": "0Q856",
      "sam_status": "active",
      "formation_date": "[PLACEHOLDER]",
      "state_of_formation": "Indiana"
    },
    "2exclusive": {
      "legal_name": "2EXCLUSIVE LLC-S",
      "dba": "Elevate for Humanity Career & Technical Institution",
      "ein": "[PLACEHOLDER]",
      "uei": "VX2GK5S8SZH8",
      "cage_code": "0QH19",
      "sam_status": "active",
      "sam_renewal": "2026-06-29",
      "indiana_bidder_id": "0000067741",
      "formation_date": "[PLACEHOLDER]",
      "state_of_formation": "Indiana"
    },
    "curvature": {
      "legal_name": "Curvature Body Sculpting LLC",
      "dba": "Government Sourcing Pros",
      "ein": "[PLACEHOLDER]",
      "uei": "RNXZUZW7FA63",
      "cage_code": "9XV55",
      "sam_status": "active",
      "sam_renewal": "2025-08-17",
      "indot_status": "approved",
      "formation_date": "[PLACEHOLDER]",
      "state_of_formation": "Indiana"
    }
  },
  "owner": {
    "full_name": "Elizabeth L. Greene",
    "title": "Founder & CEO",
    "ssn": "[PLACEHOLDER]",
    "dob": "[PLACEHOLDER]",
    "citizenship": "U.S. Citizen",
    "race_ethnicity": "Black or African American",
    "gender": "Female",
    "veteran_status": "[PLACEHOLDER]",
    "home_address": {
      "street": "[PLACEHOLDER]",
      "city": "Indianapolis",
      "state": "IN",
      "zip": "46226"
    },
    "contact": {
      "phone": "(317) 956-2748",
      "email": "elizabethpowell6262@gmail.com",
      "business_email": "elevateforhumanity@gmail.com",
      "business_phone": "(317) 314-3757"
    }
  },
  "business": {
    "primary_address": {
      "street": "[PLACEHOLDER]",
      "city": "Indianapolis",
      "state": "IN",
      "zip": "46226"
    },
    "mailing_address_same": true,
    "website": "elevateforhumanity.org",
    "naics_codes": {
      "primary": "611519",
      "secondary": ["611430", "624310", "541611", "541618"]
    },
    "years_in_business": "[PLACEHOLDER]",
    "employees": "[PLACEHOLDER]"
  },
  "financial": {
    "annual_revenue": {
      "year_1": "[PLACEHOLDER]",
      "year_2": "[PLACEHOLDER]",
      "year_3": "[PLACEHOLDER]"
    },
    "total_assets": "[PLACEHOLDER]",
    "total_liabilities": "[PLACEHOLDER]",
    "net_worth": "[PLACEHOLDER]",
    "owner_personal_net_worth": "[PLACEHOLDER]",
    "owner_annual_income": {
      "year_1": "[PLACEHOLDER]",
      "year_2": "[PLACEHOLDER]",
      "year_3": "[PLACEHOLDER]"
    }
  },
  "certifications": {
    "byblack": {
      "status": "certified",
      "certifying_body": "U.S. Black Chambers, Inc.",
      "date_certified": "[PLACEHOLDER]"
    },
    "vita": {
      "status": "approved",
      "sidn": "S28011182",
      "efin": "approved",
      "ptkn": "approved"
    },
    "etpl": {
      "status": "approved",
      "programs": ["HVAC & Welding", "Barber Apprenticeship"]
    },
    "dol_apprenticeship": {
      "status": "registered",
      "programs": ["Barber Apprenticeship"]
    }
  },
  "programs": {
    "active_count": 9,
    "list": [
      "CPR & First Aid Training",
      "Job Ready Indy",
      "Certiport Testing Center",
      "NCCER CareerStarter",
      "VITA Tax Certification",
      "Intuit Tax & Bookkeeping",
      "Barber Apprenticeship",
      "Client Safety Certification",
      "HVAC & Welding"
    ]
  },
  "performance_metrics": {
    "students_annually": "1247+",
    "graduation_rate": "87%",
    "job_placement_rate": "92%",
    "funding_distributed": "$2.85M"
  },
  "disadvantaged_status": {
    "social_disadvantage": "As a Black woman entrepreneur, I have faced systemic barriers including limited access to traditional business financing and capital, underrepresentation in government contracting opportunities, and navigating predominantly white male-dominated procurement spaces. These experiences have shaped my commitment to creating pathways for other disadvantaged individuals through Elevate for Humanity's mission-driven work.",
    "economic_disadvantage": "[PLACEHOLDER - Describe financial challenges, limited access to capital, personal net worth below thresholds, etc.]"
  },
  "management_experience": [
    "Founder & CEO of Elevate for Humanity",
    "IRS VITA Site Coordinator (SIDN: S28011182)",
    "Manages 9 training programs serving 1,247+ students annually",
    "Achieved 87% graduation rate and 92% job placement rate",
    "Manages $2.85M in distributed funding (WIOA/WRG)",
    "Maintains DOL, DWD, DOE compliance across multiple programs",
    "Secured and manages 3 SAM.gov federal registrations",
    "Built partnerships with 7+ organizations",
    "[PLACEHOLDER - Add prior work experience]"
  ],
  "business_description": "Elevate for Humanity, operating through Selfish Inc./Rise Forward Foundation (501(c)(3) nonprofit), 2EXCLUSIVE LLC-S (Career & Technical Institution), and Curvature Body Sculpting LLC (Government Sourcing Pros), provides comprehensive workforce development and educational services. We deliver ETPL-approved career and technical training programs, IRS VITA free tax preparation services, industry-recognized certifications, WRG/WIOA funded training, DOL-registered apprenticeship programs, and educational support services. We serve Marion County, Indiana residents and maintain full DOL, DWD, and DOE compliance.",
  "competitive_advantages": [
    "501(c)(3) nonprofit status enabling grant funding",
    "ETPL approval for workforce development funding",
    "IRS VITA authorization (SIDN: S28011182)",
    "ByBlack Certified Business (supplier diversity)",
    "3 active SAM.gov registrations (multiple contracting vehicles)",
    "DOL-registered apprenticeship sponsor",
    "9 active training programs with proven outcomes",
    "87% graduation rate, 92% job placement rate",
    "$2.85M in funding distributed to date",
    "Comprehensive federal and state compliance"
  ],
  "partners": [
    {
      "name": "EmployIndy",
      "program": "Job Ready Indy / WRG Administrator"
    },
    {
      "name": "Milady Beauty Education",
      "program": "Barber Apprenticeship Curriculum"
    },
    {
      "name": "Certiport/Pearson VUE",
      "program": "Testing Center"
    },
    {
      "name": "NCCER",
      "program": "Construction Training"
    },
    {
      "name": "IRS Link+Learn",
      "program": "VITA Tax Certification"
    },
    {
      "name": "Intuit",
      "program": "TurboTax & QuickBooks Training"
    },
    {
      "name": "HSI",
      "program": "CPR & First Aid Training"
    }
  ],
  "bank_information": {
    "bank_name": "[PLACEHOLDER]",
    "account_type": "Business Checking",
    "routing_number": "[PLACEHOLDER]",
    "account_number_last_4": "[PLACEHOLDER]"
  },
  "insurance": {
    "general_liability": "[PLACEHOLDER or 'Will obtain as required']",
    "professional_liability": "[PLACEHOLDER or 'Will obtain as required']",
    "workers_compensation": "[PLACEHOLDER or 'Will obtain as required']",
    "provider": "[PLACEHOLDER]"
  },
  "bonding": {
    "capacity": "[PLACEHOLDER or 'Will obtain as required']",
    "company": "[PLACEHOLDER]"
  },
  "business_goals": {
    "year_1": [
      "Secure 8(a) certification",
      "Expand HVAC/welding program enrollment (WRG funded)",
      "Achieve $500K in federal contract revenue",
      "Grow to 500+ students annually",
      "Obtain DBE/ACDBE certification"
    ],
    "year_2": [
      "Scale to $1.5M in federal contracts",
      "Launch multi-state ETPL expansion",
      "Serve 1,000+ students annually",
      "Establish additional apprenticeship programs",
      "Hire 5-10 additional staff"
    ],
    "year_3": [
      "Achieve $3M+ in federal contract revenue",
      "Operate in 3+ states",
      "Serve 2,000+ students annually",
      "Become prime contractor on major workforce development contracts",
      "Build sustainable revenue model for nonprofit mission"
    ]
  },
  "metadata": {
    "created_by": "autopilot_system",
    "last_verified": "2025-01-04",
    "completeness": "75%",
    "placeholders_remaining": 25,
    "ready_for_submission": false
  }
}
