<?xml version="1.0"?>
<lom xmlns="http://ltsc.ieee.org/xsd/LOM"
     xmlns:xsi="http://www.w3.org/2001/XMLSchema-instance"
     xsi:schemaLocation="http://ltsc.ieee.org/xsd/LOM lomLoose.xsd">
    <general>
        <title><string language="en-US">5-JRI- Badge 5- Workplace Skills</string></title>
        <language>en-US</language>
        <description>
            <string language="en-US">This is a Content Controller Dispatch package which targets the course 5-JRI- Badge 5- Workplace Skills</string>
        </description>
    </general>
</lom>
